{"cameraMode":{"drawMode":2,"name":"Shaded Wireframe","section":"Shading Mode"},"sceneLighting":true,"audioPlay":false,"sceneViewState":{"showFog":true,"showMaterialUpdate":false,"showSkybox":true,"showFlares":true,"showImageEffects":true,"showParticleSystems":true},"in2DMode":false,"pivot":{"x":14.76644515991211,"y":-31.82195281982422,"z":-30.055938720703126},"rotation":{"x":-0.36933791637420657,"y":-0.5208469033241272,"z":0.266408234834671,"w":-0.7220499515533447},"size":90.60881042480469,"orthographic":false}